
{
	"allowSleep" : true,
	"autoClearForces" : true,
	"body" : 
	[
		
		{
			"angle" : 0,
			"angularVelocity" : 0,
			"awake" : true,
			"fixture" : 
			[
				
				{
					"density" : 1,
					"friction" : 0.2,
					"name" : "fixture1",
					"polygon" : 
					{
						"vertices" : 
						{
							"x" : 
							[
								6.982925415039063,
								-6.601576805114746,
								-6.101576805114746,
								6.637434482574463,
								6.776818275451660,
								6.887434482574463,
								6.958453178405762
							],
							"y" : 
							[
								0.5720233917236328,
								-0.05720238387584686,
								-2.311406135559082,
								-1.657708406448364,
								-1.586688518524170,
								-1.476072311401367,
								-1.336688399314880
							]
						}
					}
				},
				
				{
					"density" : 1,
					"friction" : 0.2,
					"name" : "fixture1",
					"polygon" : 
					{
						"vertices" : 
						{
							"x" : 
							[
								-6.101576805114746,
								-6.601576805114746,
								-6.577104568481445,
								-6.506084918975830,
								-6.395469665527344,
								-6.256085872650147
							],
							"y" : 
							[
								-2.311406135559082,
								-0.05720238387584686,
								-1.965914130210877,
								-2.105299234390259,
								-2.215915203094482,
								-2.286934137344360
							]
						}
					}
				},
				
				{
					"density" : 1,
					"friction" : 0.2,
					"name" : "fixture1",
					"polygon" : 
					{
						"vertices" : 
						{
							"x" : 
							[
								6.982925415039063,
								-6.101576805114746,
								-6.256085872650147,
								-6.395469665527344,
								-6.506085872650147,
								-6.577104568481445,
								-6.601576805114746
							],
							"y" : 
							[
								0.5720233917236328,
								1.930057048797607,
								1.905585050582886,
								1.834566116333008,
								1.723950028419495,
								1.584565043449402,
								-0.05720238387584686
							]
						}
					}
				},
				
				{
					"density" : 1,
					"friction" : 0.2,
					"name" : "fixture1",
					"polygon" : 
					{
						"vertices" : 
						{
							"x" : 
							[
								6.982925415039063,
								6.958453178405762,
								6.887434482574463,
								6.776818275451660,
								6.637433528900147,
								-6.101576805114746
							],
							"y" : 
							[
								0.5720233917236328,
								2.213791847229004,
								2.353175640106201,
								2.463791847229004,
								2.534810781478882,
								1.930057048797607
							]
						}
					}
				}
			],
			"linearVelocity" : 
			{
				"x" : 0,
				"y" : 0
			},
			"name" : "body1",
			"position" : 
			{
				"x" : 11.24930095672607,
				"y" : -8.504634857177734
			},
			"type" : 0
		},
		
		{
			"angle" : 4.712388992309570,
			"angularVelocity" : 0,
			"awake" : true,
			"fixture" : 
			[
				
				{
					"density" : 1,
					"filter-categoryBits" : 7,
					"friction" : 0.2,
					"name" : "fixture0",
					"polygon" : 
					{
						"vertices" : 
						{
							"x" : [ -10.18680953979492, -11.15845870971680, -11.15845870971680 ],
							"y" : [ 4.278868675231934, 8.085943222045898, -0.1288146972656250 ]
						}
					}
				},
				
				{
					"density" : 1,
					"filter-categoryBits" : 7,
					"friction" : 0.2,
					"name" : "fixture0",
					"polygon" : 
					{
						"vertices" : 
						{
							"x" : [ -8.780591964721680, -10.18680953979492, -11.15845870971680 ],
							"y" : [ 2.255288124084473, 4.278868675231934, -0.1288146972656250 ]
						}
					}
				},
				
				{
					"density" : 1,
					"filter-categoryBits" : 7,
					"friction" : 0.2,
					"name" : "fixture0",
					"polygon" : 
					{
						"vertices" : 
						{
							"x" : [ -6.928502559661865, -8.780591964721680, -11.15845870971680 ],
							"y" : [ 1.363541603088379, 2.255288124084473, -0.1288146972656250 ]
						}
					}
				},
				
				{
					"density" : 1,
					"filter-categoryBits" : 7,
					"friction" : 0.2,
					"name" : "fixture0",
					"polygon" : 
					{
						"vertices" : 
						{
							"x" : [ -5.453690052032471, -6.928502559661865, -11.15845870971680 ],
							"y" : [ 0.9519662857055664, 1.363541603088379, -0.1288146972656250 ]
						}
					}
				},
				
				{
					"density" : 1,
					"filter-categoryBits" : 7,
					"friction" : 0.2,
					"name" : "fixture0",
					"polygon" : 
					{
						"vertices" : 
						{
							"x" : [ -3.464407920837402, -5.453690052032471, -11.15845870971680 ],
							"y" : [ 0.8833694458007813, 0.9519662857055664, -0.1288146972656250 ]
						}
					}
				},
				
				{
					"density" : 1,
					"filter-categoryBits" : 7,
					"friction" : 0.2,
					"name" : "fixture0",
					"polygon" : 
					{
						"vertices" : 
						{
							"x" : 
							[
								11.46714210510254,
								11.46714210510254,
								-3.464407920837402,
								-11.15845870971680
							],
							"y" : 
							[
								-0.1288146972656250,
								1.535031318664551,
								0.8833694458007813,
								-0.1288146972656250
							]
						}
					}
				}
			],
			"linearVelocity" : 
			{
				"x" : 0,
				"y" : 0
			},
			"name" : "body0",
			"position" : 
			{
				"x" : -0.5454540252685547,
				"y" : -12.20534515380859
			},
			"type" : 0
		},
		
		{
			"angle" : 1.570796370506287,
			"angularVelocity" : 0,
			"awake" : true,
			"fixture" : 
			[
				
				{
					"density" : 1,
					"filter-categoryBits" : 7,
					"friction" : 0.2,
					"name" : "fixture0",
					"polygon" : 
					{
						"vertices" : 
						{
							"x" : [ -10.18680953979492, -11.15845870971680, -11.15845870971680 ],
							"y" : [ 4.278868675231934, 8.085943222045898, -0.1288146972656250 ]
						}
					}
				},
				
				{
					"density" : 1,
					"filter-categoryBits" : 7,
					"friction" : 0.2,
					"name" : "fixture0",
					"polygon" : 
					{
						"vertices" : 
						{
							"x" : [ -8.780591964721680, -10.18680953979492, -11.15845870971680 ],
							"y" : [ 2.255288124084473, 4.278868675231934, -0.1288146972656250 ]
						}
					}
				},
				
				{
					"density" : 1,
					"filter-categoryBits" : 7,
					"friction" : 0.2,
					"name" : "fixture0",
					"polygon" : 
					{
						"vertices" : 
						{
							"x" : [ -6.928502559661865, -8.780591964721680, -11.15845870971680 ],
							"y" : [ 1.363541603088379, 2.255288124084473, -0.1288146972656250 ]
						}
					}
				},
				
				{
					"density" : 1,
					"filter-categoryBits" : 7,
					"friction" : 0.2,
					"name" : "fixture0",
					"polygon" : 
					{
						"vertices" : 
						{
							"x" : [ -5.453690052032471, -6.928502559661865, -11.15845870971680 ],
							"y" : [ 0.9519662857055664, 1.363541603088379, -0.1288146972656250 ]
						}
					}
				},
				
				{
					"density" : 1,
					"filter-categoryBits" : 7,
					"friction" : 0.2,
					"name" : "fixture0",
					"polygon" : 
					{
						"vertices" : 
						{
							"x" : [ -3.464407920837402, -5.453690052032471, -11.15845870971680 ],
							"y" : [ 0.8833694458007813, 0.9519662857055664, -0.1288146972656250 ]
						}
					}
				},
				
				{
					"density" : 1,
					"filter-categoryBits" : 7,
					"friction" : 0.2,
					"name" : "fixture0",
					"polygon" : 
					{
						"vertices" : 
						{
							"x" : 
							[
								11.46714210510254,
								11.46714210510254,
								-3.464407920837402,
								-11.15845870971680
							],
							"y" : 
							[
								-0.1288146972656250,
								1.535031318664551,
								0.8833694458007813,
								-0.1288146972656250
							]
						}
					}
				}
			],
			"linearVelocity" : 
			{
				"x" : 0,
				"y" : 0
			},
			"name" : "body0",
			"position" : 
			{
				"x" : 23.44254493713379,
				"y" : -4.680369853973389
			},
			"type" : 0
		},
		
		{
			"angle" : 3.141592741012573,
			"angularVelocity" : 0,
			"awake" : true,
			"fixture" : 
			[
				
				{
					"density" : 1,
					"filter-categoryBits" : 7,
					"friction" : 0.2,
					"name" : "fixture0",
					"polygon" : 
					{
						"vertices" : 
						{
							"x" : [ -10.18680953979492, -11.15845870971680, -11.15845870971680 ],